IP地址,端口,TLS,数据中心,地区,城市,网络延迟,下载速度
35.197.23.75,443,True,SEA,North America,Seattle,198 ms,8805 kB/s
35.230.79.26,443,True,SEA,North America,Seattle,192 ms,6836 kB/s
35.246.222.80,443,True,FRA,Europe,Frankfurt,250 ms,6789 kB/s
34.65.219.21,443,True,FRA,Europe,Frankfurt,241 ms,6735 kB/s
34.118.62.157,443,True,FRA,Europe,Frankfurt,251 ms,6525 kB/s
35.246.255.2,443,True,FRA,Europe,Frankfurt,248 ms,6514 kB/s
34.159.54.249,443,True,FRA,Europe,Frankfurt,236 ms,6501 kB/s
34.105.49.234,443,True,SEA,North America,Seattle,203 ms,6387 kB/s
34.118.17.210,443,True,FRA,Europe,Frankfurt,263 ms,6297 kB/s
34.159.100.136,443,True,FRA,Europe,Frankfurt,261 ms,6243 kB/s
34.116.222.152,443,True,FRA,Europe,Frankfurt,276 ms,6157 kB/s
34.65.1.60,443,True,FRA,Europe,Frankfurt,227 ms,6042 kB/s
34.154.23.15,443,True,FRA,Europe,Frankfurt,243 ms,6024 kB/s
34.159.31.106,443,True,FRA,Europe,Frankfurt,237 ms,5946 kB/s
34.118.46.204,443,True,FRA,Europe,Frankfurt,262 ms,5909 kB/s
34.154.42.103,443,True,FRA,Europe,Frankfurt,245 ms,5871 kB/s
34.118.127.239,443,True,FRA,Europe,Frankfurt,266 ms,5785 kB/s
35.242.221.191,443,True,FRA,Europe,Frankfurt,250 ms,5771 kB/s
34.159.134.234,443,True,FRA,Europe,Frankfurt,230 ms,5768 kB/s
34.82.76.253,443,True,SEA,North America,Seattle,197 ms,5654 kB/s
34.154.64.223,443,True,FRA,Europe,Frankfurt,250 ms,5639 kB/s
34.118.29.160,443,True,FRA,Europe,Frankfurt,255 ms,5607 kB/s
34.116.204.164,443,True,FRA,Europe,Frankfurt,264 ms,5565 kB/s
34.65.69.117,443,True,FRA,Europe,Frankfurt,254 ms,5554 kB/s
34.118.45.21,443,True,FRA,Europe,Frankfurt,269 ms,5550 kB/s
35.198.133.80,443,True,FRA,Europe,Frankfurt,252 ms,5504 kB/s
34.116.199.155,443,True,FRA,Europe,Frankfurt,279 ms,5467 kB/s
34.141.148.252,443,True,FRA,Europe,Frankfurt,258 ms,5414 kB/s
34.107.103.93,443,True,FRA,Europe,Frankfurt,250 ms,5347 kB/s
34.65.176.90,443,True,FRA,Europe,Frankfurt,249 ms,5336 kB/s
34.154.187.142,443,True,FRA,Europe,Frankfurt,254 ms,5250 kB/s
34.118.23.155,443,True,FRA,Europe,Frankfurt,262 ms,5230 kB/s
34.159.143.68,443,True,FRA,Europe,Frankfurt,237 ms,5211 kB/s
34.90.210.245,443,True,FRA,Europe,Frankfurt,244 ms,5205 kB/s
34.118.61.68,443,True,FRA,Europe,Frankfurt,260 ms,5197 kB/s
34.65.152.58,443,True,FRA,Europe,Frankfurt,256 ms,5195 kB/s
34.32.131.36,443,True,FRA,Europe,Frankfurt,256 ms,5186 kB/s
34.147.66.36,443,True,FRA,Europe,Frankfurt,263 ms,5171 kB/s
34.116.148.216,443,True,FRA,Europe,Frankfurt,262 ms,5133 kB/s
34.118.19.99,443,True,FRA,Europe,Frankfurt,261 ms,5117 kB/s
34.32.151.133,443,True,FRA,Europe,Frankfurt,236 ms,5093 kB/s
34.89.159.1,443,True,FRA,Europe,Frankfurt,262 ms,5065 kB/s
34.118.40.50,443,True,FRA,Europe,Frankfurt,257 ms,5047 kB/s
34.65.216.72,443,True,FRA,Europe,Frankfurt,231 ms,5014 kB/s
34.107.82.230,443,True,FRA,Europe,Frankfurt,255 ms,4941 kB/s
34.159.84.211,443,True,FRA,Europe,Frankfurt,238 ms,4935 kB/s
34.118.90.144,443,True,FRA,Europe,Frankfurt,261 ms,4852 kB/s
34.118.23.110,443,True,FRA,Europe,Frankfurt,260 ms,4844 kB/s
34.118.73.59,443,True,FRA,Europe,Frankfurt,253 ms,4722 kB/s
34.154.16.88,443,True,FRA,Europe,Frankfurt,253 ms,4713 kB/s
34.159.75.128,443,True,FRA,Europe,Frankfurt,228 ms,4710 kB/s
34.118.99.186,443,True,FRA,Europe,Frankfurt,264 ms,4703 kB/s
34.41.252.92,443,True,ORD,North America,Chicago,273 ms,4693 kB/s
34.118.109.123,443,True,FRA,Europe,Frankfurt,257 ms,4684 kB/s
34.154.51.149,443,True,FRA,Europe,Frankfurt,261 ms,4678 kB/s
34.118.78.190,443,True,FRA,Europe,Frankfurt,273 ms,4677 kB/s
34.118.5.223,443,True,FRA,Europe,Frankfurt,258 ms,4667 kB/s
34.159.147.132,443,True,FRA,Europe,Frankfurt,225 ms,4653 kB/s
34.91.107.241,443,True,FRA,Europe,Frankfurt,249 ms,4623 kB/s
34.90.77.227,443,True,FRA,Europe,Frankfurt,248 ms,4619 kB/s
34.32.209.205,443,True,FRA,Europe,Frankfurt,242 ms,4573 kB/s
34.118.118.64,443,True,FRA,Europe,Frankfurt,258 ms,4547 kB/s
34.118.104.94,443,True,FRA,Europe,Frankfurt,267 ms,4425 kB/s
34.154.143.24,443,True,FRA,Europe,Frankfurt,255 ms,4396 kB/s
34.147.72.205,443,True,FRA,Europe,Frankfurt,262 ms,4348 kB/s
34.118.18.167,443,True,FRA,Europe,Frankfurt,266 ms,4335 kB/s
34.118.104.85,443,True,FRA,Europe,Frankfurt,269 ms,4302 kB/s
34.107.31.245,443,True,FRA,Europe,Frankfurt,256 ms,4282 kB/s
34.116.238.49,443,True,FRA,Europe,Frankfurt,254 ms,4277 kB/s
35.204.28.176,443,True,FRA,Europe,Frankfurt,272 ms,4266 kB/s
34.118.50.142,443,True,FRA,Europe,Frankfurt,276 ms,4242 kB/s
34.116.181.51,443,True,FRA,Europe,Frankfurt,257 ms,4229 kB/s
34.154.178.83,443,True,FRA,Europe,Frankfurt,261 ms,4124 kB/s
34.107.40.171,443,True,FRA,Europe,Frankfurt,259 ms,4024 kB/s
34.118.21.204,443,True,FRA,Europe,Frankfurt,262 ms,4021 kB/s
35.198.90.177,443,True,FRA,Europe,Frankfurt,255 ms,3959 kB/s
34.107.60.227,443,True,FRA,Europe,Frankfurt,238 ms,3777 kB/s
34.91.177.185,443,True,FRA,Europe,Frankfurt,241 ms,3698 kB/s
34.123.83.237,443,True,ORD,North America,Chicago,257 ms,3687 kB/s
34.118.105.125,443,True,FRA,Europe,Frankfurt,258 ms,3470 kB/s
34.154.29.232,443,True,FRA,Europe,Frankfurt,236 ms,3378 kB/s
34.154.172.63,443,True,FRA,Europe,Frankfurt,239 ms,3225 kB/s
34.116.209.116,443,True,FRA,Europe,Frankfurt,273 ms,3137 kB/s
34.116.200.248,443,True,FRA,Europe,Frankfurt,264 ms,3116 kB/s
34.65.229.155,443,True,FRA,Europe,Frankfurt,239 ms,3093 kB/s
34.154.166.116,443,True,FRA,Europe,Frankfurt,253 ms,2925 kB/s
34.118.0.142,443,True,FRA,Europe,Frankfurt,257 ms,2862 kB/s
34.154.102.110,443,True,FRA,Europe,Frankfurt,262 ms,2831 kB/s
34.141.62.127,443,True,FRA,Europe,Frankfurt,230 ms,2658 kB/s
34.141.67.44,443,True,FRA,Europe,Frankfurt,240 ms,2630 kB/s
34.116.249.141,443,True,FRA,Europe,Frankfurt,264 ms,2620 kB/s
34.154.9.141,443,True,FRA,Europe,Frankfurt,241 ms,2572 kB/s
34.65.45.164,443,True,FRA,Europe,Frankfurt,240 ms,2521 kB/s
34.154.233.195,443,True,FRA,Europe,Frankfurt,254 ms,2452 kB/s
34.116.238.23,443,True,FRA,Europe,Frankfurt,255 ms,2415 kB/s
34.116.220.92,443,True,FRA,Europe,Frankfurt,278 ms,2385 kB/s
34.65.248.7,443,True,FRA,Europe,Frankfurt,247 ms,2335 kB/s
35.234.89.114,443,True,FRA,Europe,Frankfurt,250 ms,2300 kB/s
35.242.249.117,443,True,FRA,Europe,Frankfurt,234 ms,2289 kB/s
34.154.47.245,443,True,FRA,Europe,Frankfurt,260 ms,2271 kB/s
34.65.143.247,443,True,FRA,Europe,Frankfurt,247 ms,2265 kB/s
35.198.132.113,443,True,FRA,Europe,Frankfurt,236 ms,2246 kB/s
34.154.86.247,443,True,FRA,Europe,Frankfurt,251 ms,2242 kB/s
35.234.172.173,443,True,FRA,Europe,Frankfurt,255 ms,2233 kB/s
34.154.41.67,443,True,FRA,Europe,Frankfurt,239 ms,2223 kB/s
34.154.174.244,443,True,FRA,Europe,Frankfurt,245 ms,2175 kB/s
34.154.87.93,443,True,FRA,Europe,Frankfurt,247 ms,2131 kB/s
34.154.6.160,443,True,FRA,Europe,Frankfurt,248 ms,2130 kB/s
34.154.28.158,443,True,FRA,Europe,Frankfurt,242 ms,2124 kB/s
34.118.64.206,443,True,FRA,Europe,Frankfurt,245 ms,2122 kB/s
34.65.93.223,443,True,FRA,Europe,Frankfurt,237 ms,2118 kB/s
34.141.57.63,443,True,FRA,Europe,Frankfurt,250 ms,2108 kB/s
34.116.189.128,443,True,FRA,Europe,Frankfurt,259 ms,2095 kB/s
34.141.251.202,443,True,FRA,Europe,Frankfurt,244 ms,2091 kB/s
34.90.137.249,443,True,FRA,Europe,Frankfurt,270 ms,2091 kB/s
34.147.18.82,443,True,FRA,Europe,Frankfurt,256 ms,2060 kB/s
34.154.133.238,443,True,FRA,Europe,Frankfurt,241 ms,2025 kB/s
34.89.238.145,443,True,FRA,Europe,Frankfurt,233 ms,2015 kB/s
34.89.163.70,443,True,FRA,Europe,Frankfurt,242 ms,2015 kB/s
34.159.44.188,443,True,FRA,Europe,Frankfurt,254 ms,2012 kB/s
34.154.142.89,443,True,FRA,Europe,Frankfurt,254 ms,2004 kB/s
34.116.189.98,443,True,FRA,Europe,Frankfurt,277 ms,1980 kB/s
34.116.204.154,443,True,FRA,Europe,Frankfurt,257 ms,1980 kB/s
34.65.116.125,443,True,FRA,Europe,Frankfurt,239 ms,1975 kB/s
34.159.55.124,443,True,FRA,Europe,Frankfurt,258 ms,1969 kB/s
34.89.132.7,443,True,FRA,Europe,Frankfurt,257 ms,1942 kB/s
34.116.174.159,443,True,FRA,Europe,Frankfurt,268 ms,1926 kB/s
34.116.186.213,443,True,FRA,Europe,Frankfurt,264 ms,1903 kB/s
34.65.234.42,443,True,FRA,Europe,Frankfurt,243 ms,1897 kB/s
34.154.191.252,443,True,FRA,Europe,Frankfurt,255 ms,1890 kB/s
34.154.27.90,443,True,FRA,Europe,Frankfurt,232 ms,1887 kB/s
34.159.126.198,443,True,FRA,Europe,Frankfurt,250 ms,1878 kB/s
34.116.255.60,443,True,FRA,Europe,Frankfurt,260 ms,1878 kB/s
34.118.7.104,443,True,FRA,Europe,Frankfurt,251 ms,1858 kB/s
34.159.146.212,443,True,FRA,Europe,Frankfurt,228 ms,1855 kB/s
34.116.181.34,443,True,FRA,Europe,Frankfurt,264 ms,1852 kB/s
34.116.200.90,443,True,FRA,Europe,Frankfurt,258 ms,1852 kB/s
34.65.224.8,443,True,FRA,Europe,Frankfurt,249 ms,1852 kB/s
34.91.25.246,443,True,FRA,Europe,Frankfurt,239 ms,1842 kB/s
35.204.240.103,443,True,FRA,Europe,Frankfurt,246 ms,1838 kB/s
34.154.74.14,443,True,FRA,Europe,Frankfurt,226 ms,1826 kB/s
34.65.174.114,443,True,FRA,Europe,Frankfurt,235 ms,1817 kB/s
34.116.193.101,443,True,FRA,Europe,Frankfurt,254 ms,1804 kB/s
34.116.214.20,443,True,FRA,Europe,Frankfurt,261 ms,1798 kB/s
34.107.56.152,443,True,FRA,Europe,Frankfurt,263 ms,1794 kB/s
35.204.163.9,443,True,FRA,Europe,Frankfurt,237 ms,1788 kB/s
34.65.112.159,443,True,FRA,Europe,Frankfurt,259 ms,1783 kB/s
34.32.156.217,443,True,FRA,Europe,Frankfurt,240 ms,1727 kB/s
34.65.78.221,443,True,FRA,Europe,Frankfurt,240 ms,1727 kB/s
34.107.72.29,443,True,FRA,Europe,Frankfurt,258 ms,1716 kB/s
35.242.215.221,443,True,FRA,Europe,Frankfurt,236 ms,1711 kB/s
34.141.242.242,443,True,FRA,Europe,Frankfurt,248 ms,1708 kB/s
34.107.64.17,443,True,FRA,Europe,Frankfurt,251 ms,1695 kB/s
34.116.241.42,443,True,FRA,Europe,Frankfurt,262 ms,1676 kB/s
34.116.128.120,443,True,FRA,Europe,Frankfurt,260 ms,1673 kB/s
34.90.91.163,443,True,FRA,Europe,Frankfurt,244 ms,1666 kB/s
34.147.22.90,443,True,FRA,Europe,Frankfurt,259 ms,1664 kB/s
34.107.89.72,443,True,FRA,Europe,Frankfurt,254 ms,1653 kB/s
34.34.6.160,443,True,FRA,Europe,Frankfurt,241 ms,1634 kB/s
34.141.231.162,443,True,FRA,Europe,Frankfurt,247 ms,1628 kB/s
34.154.69.186,443,True,AMS,Europe,Amsterdam,232 ms,1622 kB/s
34.154.75.182,443,True,FRA,Europe,Frankfurt,229 ms,1622 kB/s
34.116.237.149,443,True,FRA,Europe,Frankfurt,249 ms,1611 kB/s
34.91.101.211,443,True,FRA,Europe,Frankfurt,263 ms,1580 kB/s
34.116.153.230,443,True,FRA,Europe,Frankfurt,267 ms,1577 kB/s
34.32.217.226,443,True,FRA,Europe,Frankfurt,258 ms,1571 kB/s
34.154.37.15,443,True,FRA,Europe,Frankfurt,255 ms,1571 kB/s
34.118.123.180,443,True,FRA,Europe,Frankfurt,263 ms,1567 kB/s
34.154.47.183,443,True,FRA,Europe,Frankfurt,260 ms,1556 kB/s
34.89.156.120,443,True,FRA,Europe,Frankfurt,247 ms,1551 kB/s
34.159.203.170,443,True,FRA,Europe,Frankfurt,245 ms,1548 kB/s
34.118.20.193,443,True,FRA,Europe,Frankfurt,259 ms,1523 kB/s
34.65.127.158,443,True,FRA,Europe,Frankfurt,247 ms,1512 kB/s
34.116.158.195,443,True,FRA,Europe,Frankfurt,259 ms,1465 kB/s
34.34.46.120,443,True,FRA,Europe,Frankfurt,249 ms,1459 kB/s
34.118.121.61,443,True,FRA,Europe,Frankfurt,264 ms,1447 kB/s
34.116.151.200,443,True,FRA,Europe,Frankfurt,265 ms,1417 kB/s
34.34.36.61,443,True,FRA,Europe,Frankfurt,238 ms,1414 kB/s
34.118.45.49,443,True,FRA,Europe,Frankfurt,250 ms,1411 kB/s
34.34.50.184,443,True,FRA,Europe,Frankfurt,260 ms,1400 kB/s
34.116.170.77,443,True,FRA,Europe,Frankfurt,271 ms,1396 kB/s
34.159.30.150,443,True,FRA,Europe,Frankfurt,231 ms,1369 kB/s
34.154.113.6,443,True,FRA,Europe,Frankfurt,239 ms,1369 kB/s
34.116.161.110,443,True,FRA,Europe,Frankfurt,273 ms,1363 kB/s
34.116.128.29,443,True,FRA,Europe,Frankfurt,255 ms,1363 kB/s
34.154.121.129,443,True,FRA,Europe,Frankfurt,241 ms,1359 kB/s
34.65.12.97,443,True,FRA,Europe,Frankfurt,234 ms,1353 kB/s
34.159.190.107,443,True,FRA,Europe,Frankfurt,250 ms,1308 kB/s
34.118.99.127,443,True,FRA,Europe,Frankfurt,254 ms,1292 kB/s
34.159.58.138,443,True,FRA,Europe,Frankfurt,249 ms,1292 kB/s
34.118.91.197,443,True,FRA,Europe,Frankfurt,252 ms,1260 kB/s
34.90.21.1,443,True,FRA,Europe,Frankfurt,240 ms,1232 kB/s
35.204.164.131,443,True,FRA,Europe,Frankfurt,259 ms,1225 kB/s
34.118.36.124,443,True,FRA,Europe,Frankfurt,264 ms,1222 kB/s
34.91.67.64,443,True,FRA,Europe,Frankfurt,244 ms,1200 kB/s
34.159.25.164,443,True,FRA,Europe,Frankfurt,252 ms,1193 kB/s
34.32.240.124,443,True,FRA,Europe,Frankfurt,252 ms,1190 kB/s
35.204.40.164,443,True,FRA,Europe,Frankfurt,241 ms,1180 kB/s
34.118.57.241,443,True,FRA,Europe,Frankfurt,269 ms,1164 kB/s
34.154.170.106,443,True,FRA,Europe,Frankfurt,259 ms,1161 kB/s
34.154.173.201,443,True,FRA,Europe,Frankfurt,251 ms,1145 kB/s
34.116.214.69,443,True,FRA,Europe,Frankfurt,275 ms,1122 kB/s
34.34.7.155,443,True,FRA,Europe,Frankfurt,271 ms,1113 kB/s
34.65.203.70,443,True,FRA,Europe,Frankfurt,256 ms,1095 kB/s
34.90.191.116,443,True,FRA,Europe,Frankfurt,249 ms,1065 kB/s
34.154.140.169,443,True,FRA,Europe,Frankfurt,249 ms,1062 kB/s
34.65.199.105,443,True,FRA,Europe,Frankfurt,246 ms,1052 kB/s
34.154.154.180,443,True,FRA,Europe,Frankfurt,241 ms,1035 kB/s
34.118.54.138,443,True,FRA,Europe,Frankfurt,275 ms,1027 kB/s
34.154.181.117,443,True,FRA,Europe,Frankfurt,255 ms,1016 kB/s
34.118.90.82,443,True,FRA,Europe,Frankfurt,263 ms,985 kB/s
34.91.133.170,443,True,FRA,Europe,Frankfurt,247 ms,940 kB/s
34.118.12.204,443,True,FRA,Europe,Frankfurt,253 ms,857 kB/s
34.118.122.67,443,True,FRA,Europe,Frankfurt,268 ms,744 kB/s
35.198.83.199,443,True,FRA,Europe,Frankfurt,278 ms,729 kB/s
34.116.216.165,443,True,FRA,Europe,Frankfurt,264 ms,726 kB/s
35.229.161.32,443,True,TPE,Asia Pacific,Taipei,77 ms,694 kB/s
34.90.108.249,443,True,FRA,Europe,Frankfurt,251 ms,643 kB/s
35.246.157.138,443,True,FRA,Europe,Frankfurt,248 ms,636 kB/s
34.159.208.192,443,True,FRA,Europe,Frankfurt,261 ms,625 kB/s
34.118.109.211,443,True,FRA,Europe,Frankfurt,265 ms,594 kB/s
34.141.111.92,443,True,FRA,Europe,Frankfurt,240 ms,576 kB/s
34.118.107.144,443,True,FRA,Europe,Frankfurt,260 ms,518 kB/s
34.116.224.223,443,True,FRA,Europe,Frankfurt,254 ms,499 kB/s
34.118.13.78,443,True,FRA,Europe,Frankfurt,264 ms,489 kB/s
35.204.246.46,443,True,FRA,Europe,Frankfurt,246 ms,473 kB/s
34.32.211.101,443,True,FRA,Europe,Frankfurt,247 ms,464 kB/s
34.118.65.140,443,True,FRA,Europe,Frankfurt,261 ms,387 kB/s
34.116.187.139,443,True,FRA,Europe,Frankfurt,253 ms,365 kB/s
35.236.55.171,443,True,LAX,North America,Los Angeles,305 ms,198 kB/s
34.154.209.117,443,True,FRA,Europe,Frankfurt,248 ms,166 kB/s
34.118.67.168,443,True,FRA,Europe,Frankfurt,249 ms,147 kB/s
34.107.109.255,443,True,FRA,Europe,Frankfurt,247 ms,147 kB/s
34.116.252.47,443,True,FRA,Europe,Frankfurt,257 ms,137 kB/s
35.222.230.126,8443,True,ORD,North America,Chicago,250 ms,121 kB/s
34.154.85.1,443,True,FRA,Europe,Frankfurt,248 ms,86 kB/s
34.32.252.77,443,True,FRA,Europe,Frankfurt,244 ms,83 kB/s
34.89.156.211,443,True,FRA,Europe,Frankfurt,247 ms,0 kB/s
35.222.230.126,2053,True,ORD,North America,Chicago,257 ms,0 kB/s
34.141.8.201,443,True,FRA,Europe,Frankfurt,243 ms,0 kB/s
34.116.222.142,443,True,FRA,Europe,Frankfurt,264 ms,0 kB/s
34.88.63.160,443,True,FRA,Europe,Frankfurt,436 ms,0 kB/s
34.65.38.175,443,True,FRA,Europe,Frankfurt,238 ms,0 kB/s
34.65.110.108,443,True,FRA,Europe,Frankfurt,261 ms,0 kB/s
35.198.153.105,443,True,FRA,Europe,Frankfurt,246 ms,0 kB/s
34.34.34.56,443,True,FRA,Europe,Frankfurt,233 ms,0 kB/s
34.118.122.1,443,True,FRA,Europe,Frankfurt,250 ms,0 kB/s
20.185.28.234,44056,True,IAD,North America,Ashburn,231 ms,4431 kB/s
4.255.56.137,443,True,IAD,North America,Ashburn,288 ms,4364 kB/s
4.255.56.138,443,True,IAD,North America,Ashburn,298 ms,4327 kB/s
172.190.150.25,8443,True,IAD,North America,Ashburn,281 ms,3777 kB/s
20.83.149.174,443,True,IAD,North America,Ashburn,275 ms,3149 kB/s
20.240.254.247,8443,True,ARN,Europe,Stockholm,323 ms,3103 kB/s
51.107.13.85,8443,True,MXP,Europe,Milan,296 ms,2933 kB/s
20.108.51.255,443,True,LHR,Europe,London,291 ms,2713 kB/s
51.120.240.115,2087,True,CPH,Europe,Copenhagen,308 ms,2300 kB/s
20.170.41.153,443,True,FRA,Europe,Frankfurt,295 ms,1767 kB/s
51.120.240.115,8080,True,CPH,Europe,Copenhagen,303 ms,1560 kB/s
20.62.202.159,443,True,IAD,North America,Ashburn,277 ms,793 kB/s
20.220.204.217,443,True,YYZ,North America,Toronto,227 ms,246 kB/s
52.137.60.154,443,True,AMS,Europe,Amsterdam,293 ms,102 kB/s
15.165.49.161,8080,True,ICN,Asia Pacific,Seoul,96 ms,12731 kB/s
13.250.131.37,443,True,SIN,Asia Pacific,Singapore,105 ms,11361 kB/s
13.125.218.78,443,True,ICN,Asia Pacific,Seoul,101 ms,11317 kB/s
18.166.180.230,8443,True,HKG,Asia Pacific,Hong Kong,140 ms,11000 kB/s
3.65.21.45,443,True,FRA,Europe,Frankfurt,186 ms,7885 kB/s
54.229.195.253,8443,True,DUB,Europe,Dublin,207 ms,7498 kB/s
52.213.11.150,443,True,DUB,Europe,Dublin,212 ms,7275 kB/s
54.194.162.247,443,True,DUB,Europe,Dublin,205 ms,7185 kB/s
18.130.249.35,2096,True,LHR,Europe,London,201 ms,6997 kB/s
18.185.86.127,8443,True,FRA,Europe,Frankfurt,186 ms,6931 kB/s
18.130.249.35,8081,True,LHR,Europe,London,201 ms,6750 kB/s
3.120.144.20,8080,True,FRA,Europe,Frankfurt,179 ms,6606 kB/s
15.236.136.125,2087,True,CDG,Europe,Paris,192 ms,6448 kB/s
13.43.173.97,8443,True,LHR,Europe,London,193 ms,6399 kB/s
99.83.209.185,443,True,IAD,North America,Ashburn,205 ms,6238 kB/s
18.198.4.243,8443,True,FRA,Europe,Frankfurt,184 ms,6132 kB/s
13.57.182.91,443,True,SJC,North America,San Jose,189 ms,5981 kB/s
18.168.254.65,8443,True,LHR,Europe,London,193 ms,5946 kB/s
13.60.91.143,443,True,ARN,Europe,Stockholm,201 ms,5844 kB/s
13.60.79.248,443,True,ARN,Europe,Stockholm,196 ms,5712 kB/s
13.60.4.148,8443,True,ARN,Europe,Stockholm,198 ms,5656 kB/s
35.177.209.223,443,True,LHR,Europe,London,200 ms,5487 kB/s
13.51.132.60,443,True,OSL,Europe,Oslo,199 ms,5406 kB/s
16.16.64.83,8443,True,WAW,Europe,Warsaw,203 ms,5272 kB/s
13.43.93.40,8443,True,LHR,Europe,London,204 ms,5178 kB/s
13.40.87.247,443,True,LHR,Europe,London,199 ms,5136 kB/s
52.212.168.5,8443,True,DUB,Europe,Dublin,210 ms,5065 kB/s
35.177.209.223,8080,True,LHR,Europe,London,201 ms,5018 kB/s
13.48.245.19,443,True,ARN,Europe,Stockholm,204 ms,4866 kB/s
18.192.113.68,8443,True,FRA,Europe,Frankfurt,186 ms,4854 kB/s
18.132.164.98,443,True,LHR,Europe,London,190 ms,4842 kB/s
35.165.253.141,443,True,SEA,North America,Seattle,210 ms,4807 kB/s
34.253.212.104,8081,True,DUB,Europe,Dublin,205 ms,4578 kB/s
13.42.158.50,8443,True,LHR,Europe,London,208 ms,4495 kB/s
13.53.206.75,443,True,CPH,Europe,Copenhagen,198 ms,4475 kB/s
13.51.55.31,443,True,ARN,Europe,Stockholm,198 ms,4473 kB/s
13.53.126.251,8443,True,ARN,Europe,Stockholm,197 ms,4436 kB/s
54.200.244.93,443,True,SEA,North America,Seattle,202 ms,4421 kB/s
34.253.175.38,443,True,DUB,Europe,Dublin,204 ms,4396 kB/s
13.51.48.84,2096,True,ARN,Europe,Stockholm,201 ms,4305 kB/s
13.51.173.26,8443,True,WAW,Europe,Warsaw,207 ms,4220 kB/s
3.70.219.196,443,True,FRA,Europe,Frankfurt,186 ms,4126 kB/s
3.123.255.167,443,True,FRA,Europe,Frankfurt,189 ms,4001 kB/s
13.40.87.247,8080,True,LHR,Europe,London,192 ms,3294 kB/s
13.49.18.114,443,True,ARN,Europe,Stockholm,203 ms,3102 kB/s
3.15.147.151,2083,True,ORD,North America,Chicago,232 ms,2969 kB/s
13.36.230.17,8443,True,CDG,Europe,Paris,213 ms,2918 kB/s
13.38.53.164,8443,True,CDG,Europe,Paris,216 ms,2824 kB/s
13.42.76.114,8443,True,LHR,Europe,London,198 ms,2710 kB/s
13.60.97.55,8080,True,ARN,Europe,Stockholm,200 ms,2625 kB/s
18.194.183.74,2053,True,FRA,Europe,Frankfurt,188 ms,2517 kB/s
18.216.55.100,443,True,ORD,North America,Chicago,240 ms,2323 kB/s
18.184.55.249,443,True,FRA,Europe,Frankfurt,183 ms,2248 kB/s
13.43.93.40,2053,True,LHR,Europe,London,203 ms,2236 kB/s
3.144.191.4,443,True,ORD,North America,Chicago,240 ms,2126 kB/s
13.60.4.148,2053,True,CPH,Europe,Copenhagen,196 ms,1411 kB/s
3.18.225.231,443,True,ORD,North America,Chicago,254 ms,1036 kB/s
52.211.193.42,443,True,CDG,Europe,Paris,203 ms,1004 kB/s
13.38.100.139,8443,True,CDG,Europe,Paris,210 ms,649 kB/s
3.120.8.31,443,True,FRA,Europe,Frankfurt,184 ms,633 kB/s
52.74.101.26,443,True,SIN,Asia Pacific,Singapore,100 ms,579 kB/s
54.233.182.187,443,True,GIG,South America,Rio de Janeiro,355 ms,559 kB/s
15.228.157.181,443,True,GIG,South America,Rio de Janeiro,357 ms,300 kB/s
18.167.194.154,443,True,HKG,Asia Pacific,Hong Kong,138 ms,96 kB/s
13.60.76.53,2096,True,CPH,Europe,Copenhagen,207 ms,13 kB/s
54.179.184.9,443,True,SIN,Asia Pacific,Singapore,112 ms,0 kB/s
8.218.22.210,8443,True,HKG,Asia Pacific,Hong Kong,59 ms,24109 kB/s
47.76.159.146,2083,True,HKG,Asia Pacific,Hong Kong,61 ms,22438 kB/s
8.210.107.246,2053,True,HKG,Asia Pacific,Hong Kong,62 ms,20237 kB/s
8.210.174.156,2053,True,HKG,Asia Pacific,Hong Kong,58 ms,15263 kB/s
47.238.40.58,2087,True,HKG,Asia Pacific,Hong Kong,67 ms,14643 kB/s
47.243.5.154,2053,True,HKG,Asia Pacific,Hong Kong,61 ms,13471 kB/s
47.242.36.78,2087,True,HKG,Asia Pacific,Hong Kong,68 ms,12213 kB/s
47.242.36.78,2053,True,HKG,Asia Pacific,Hong Kong,61 ms,12019 kB/s
8.210.174.156,8443,True,HKG,Asia Pacific,Hong Kong,60 ms,11743 kB/s
47.243.234.9,2083,True,HKG,Asia Pacific,Hong Kong,59 ms,11625 kB/s
47.76.159.146,2053,True,HKG,Asia Pacific,Hong Kong,55 ms,11602 kB/s
8.210.203.7,2087,True,HKG,Asia Pacific,Hong Kong,64 ms,11276 kB/s
47.76.178.146,2087,True,HKG,Asia Pacific,Hong Kong,68 ms,10807 kB/s
8.217.232.246,2053,True,HKG,Asia Pacific,Hong Kong,63 ms,9939 kB/s
8.217.221.165,2087,True,HKG,Asia Pacific,Hong Kong,63 ms,9634 kB/s
47.76.32.108,2083,True,HKG,Asia Pacific,Hong Kong,62 ms,9258 kB/s
8.210.203.7,2083,True,HKG,Asia Pacific,Hong Kong,68 ms,9077 kB/s
47.76.178.146,443,True,HKG,Asia Pacific,Hong Kong,64 ms,9048 kB/s
47.243.67.28,2053,True,HKG,Asia Pacific,Hong Kong,60 ms,8851 kB/s
47.243.67.28,2087,True,HKG,Asia Pacific,Hong Kong,66 ms,8824 kB/s
47.76.159.146,2087,True,HKG,Asia Pacific,Hong Kong,67 ms,8553 kB/s
8.219.86.200,8443,True,SIN,Asia Pacific,Singapore,230 ms,8349 kB/s
47.237.95.13,2087,True,SIN,Asia Pacific,Singapore,232 ms,8335 kB/s
47.243.139.85,2053,True,HKG,Asia Pacific,Hong Kong,58 ms,8330 kB/s
8.222.214.231,2096,True,SIN,Asia Pacific,Singapore,242 ms,8201 kB/s
47.236.9.152,8443,True,SIN,Asia Pacific,Singapore,236 ms,8089 kB/s
8.210.203.7,2096,True,HKG,Asia Pacific,Hong Kong,69 ms,8052 kB/s
47.237.95.13,8443,True,SIN,Asia Pacific,Singapore,228 ms,8021 kB/s
47.237.100.206,2087,True,SIN,Asia Pacific,Singapore,221 ms,8000 kB/s
47.237.84.173,8443,True,SIN,Asia Pacific,Singapore,231 ms,7966 kB/s
47.238.40.58,2053,True,HKG,Asia Pacific,Hong Kong,74 ms,7956 kB/s
47.237.82.15,8443,True,SIN,Asia Pacific,Singapore,234 ms,7569 kB/s
47.237.95.146,2096,True,SIN,Asia Pacific,Singapore,224 ms,7549 kB/s
8.217.159.210,2087,True,HKG,Asia Pacific,Hong Kong,65 ms,7545 kB/s
47.237.95.146,2087,True,SIN,Asia Pacific,Singapore,227 ms,7486 kB/s
47.236.170.225,2053,True,SIN,Asia Pacific,Singapore,219 ms,7462 kB/s
47.237.11.182,8443,True,SIN,Asia Pacific,Singapore,228 ms,7339 kB/s
47.237.11.182,2096,True,SIN,Asia Pacific,Singapore,235 ms,7337 kB/s
47.237.10.1,2087,True,SIN,Asia Pacific,Singapore,218 ms,7321 kB/s
47.236.9.152,2087,True,SIN,Asia Pacific,Singapore,228 ms,7310 kB/s
8.217.232.246,8443,True,HKG,Asia Pacific,Hong Kong,67 ms,7286 kB/s
47.237.95.140,2053,True,SIN,Asia Pacific,Singapore,227 ms,7286 kB/s
47.237.8.82,2053,True,SIN,Asia Pacific,Singapore,229 ms,7275 kB/s
47.237.83.20,2087,True,SIN,Asia Pacific,Singapore,240 ms,7272 kB/s
8.222.134.170,2096,True,SIN,Asia Pacific,Singapore,216 ms,7212 kB/s
47.243.5.154,2083,True,HKG,Asia Pacific,Hong Kong,70 ms,7138 kB/s
47.236.237.90,2083,True,SIN,Asia Pacific,Singapore,225 ms,7116 kB/s
47.243.234.9,2053,True,HKG,Asia Pacific,Hong Kong,59 ms,7102 kB/s
8.222.134.170,2087,True,SIN,Asia Pacific,Singapore,220 ms,7062 kB/s
8.222.249.190,2053,True,SIN,Asia Pacific,Singapore,237 ms,7056 kB/s
47.237.10.1,2096,True,SIN,Asia Pacific,Singapore,224 ms,6974 kB/s
47.236.80.110,2096,True,SIN,Asia Pacific,Singapore,219 ms,6970 kB/s
47.245.86.230,2087,True,SIN,Asia Pacific,Singapore,249 ms,6934 kB/s
47.237.86.185,8443,True,SIN,Asia Pacific,Singapore,226 ms,6894 kB/s
47.243.139.85,2083,True,HKG,Asia Pacific,Hong Kong,56 ms,6810 kB/s
8.222.180.86,2087,True,SIN,Asia Pacific,Singapore,238 ms,6767 kB/s
47.76.178.146,8443,True,HKG,Asia Pacific,Hong Kong,61 ms,6637 kB/s
8.219.161.129,2083,True,SIN,Asia Pacific,Singapore,225 ms,6633 kB/s
8.219.100.168,2053,True,SIN,Asia Pacific,Singapore,225 ms,6570 kB/s
8.210.174.156,2083,True,HKG,Asia Pacific,Hong Kong,62 ms,6544 kB/s
47.243.67.28,8443,True,HKG,Asia Pacific,Hong Kong,62 ms,6513 kB/s
47.245.86.230,8443,True,SIN,Asia Pacific,Singapore,229 ms,6475 kB/s
47.237.82.15,2096,True,SIN,Asia Pacific,Singapore,217 ms,6430 kB/s
8.219.113.232,2053,True,SIN,Asia Pacific,Singapore,225 ms,6428 kB/s
47.237.86.185,2087,True,SIN,Asia Pacific,Singapore,238 ms,6399 kB/s
47.236.253.41,2087,True,SIN,Asia Pacific,Singapore,227 ms,6354 kB/s
47.237.100.206,8443,True,SIN,Asia Pacific,Singapore,224 ms,6331 kB/s
8.222.193.65,2053,True,SIN,Asia Pacific,Singapore,239 ms,6306 kB/s
47.237.86.185,2096,True,SIN,Asia Pacific,Singapore,221 ms,6297 kB/s
47.237.8.82,2096,True,SIN,Asia Pacific,Singapore,231 ms,6279 kB/s
47.236.83.239,2087,True,SIN,Asia Pacific,Singapore,235 ms,6249 kB/s
47.237.94.140,2087,True,SIN,Asia Pacific,Singapore,220 ms,6232 kB/s
47.236.180.24,2087,True,SIN,Asia Pacific,Singapore,225 ms,6172 kB/s
47.237.81.112,8443,True,SIN,Asia Pacific,Singapore,216 ms,6048 kB/s
8.222.193.65,2087,True,SIN,Asia Pacific,Singapore,245 ms,5958 kB/s
47.237.84.173,2096,True,SIN,Asia Pacific,Singapore,223 ms,5954 kB/s
47.237.82.15,2087,True,SIN,Asia Pacific,Singapore,217 ms,5938 kB/s
47.236.102.102,2096,True,SIN,Asia Pacific,Singapore,226 ms,5923 kB/s
47.237.14.220,8443,True,SIN,Asia Pacific,Singapore,234 ms,5874 kB/s
47.236.146.249,2087,True,SIN,Asia Pacific,Singapore,221 ms,5865 kB/s
47.236.253.41,8443,True,SIN,Asia Pacific,Singapore,216 ms,5854 kB/s
47.237.14.220,2096,True,SIN,Asia Pacific,Singapore,231 ms,5822 kB/s
47.236.254.120,2096,True,SIN,Asia Pacific,Singapore,228 ms,5789 kB/s
47.236.102.102,2083,True,SIN,Asia Pacific,Singapore,247 ms,5786 kB/s
8.219.161.129,8443,True,SIN,Asia Pacific,Singapore,221 ms,5753 kB/s
47.237.84.173,2083,True,SIN,Asia Pacific,Singapore,239 ms,5724 kB/s
8.219.161.129,2087,True,SIN,Asia Pacific,Singapore,231 ms,5720 kB/s
47.237.92.26,2087,True,SIN,Asia Pacific,Singapore,226 ms,5669 kB/s
8.217.232.246,2096,True,HKG,Asia Pacific,Hong Kong,65 ms,5663 kB/s
8.222.214.231,2083,True,SIN,Asia Pacific,Singapore,221 ms,5602 kB/s
47.76.146.1,2087,True,HKG,Asia Pacific,Hong Kong,62 ms,5500 kB/s
47.236.165.25,2083,True,SIN,Asia Pacific,Singapore,221 ms,5497 kB/s
47.236.146.249,2096,True,SIN,Asia Pacific,Singapore,232 ms,5450 kB/s
47.237.84.173,2053,True,SIN,Asia Pacific,Singapore,232 ms,5432 kB/s
47.236.9.152,2083,True,SIN,Asia Pacific,Singapore,224 ms,5429 kB/s
47.236.174.206,2053,True,SIN,Asia Pacific,Singapore,225 ms,5416 kB/s
47.236.80.110,2083,True,SIN,Asia Pacific,Singapore,222 ms,5414 kB/s
47.243.5.154,8443,True,HKG,Asia Pacific,Hong Kong,62 ms,5395 kB/s
8.219.42.72,2096,True,SIN,Asia Pacific,Singapore,234 ms,5376 kB/s
47.236.205.188,8443,True,SIN,Asia Pacific,Singapore,240 ms,5337 kB/s
8.210.174.156,2087,True,HKG,Asia Pacific,Hong Kong,62 ms,5323 kB/s
47.236.117.48,8443,True,SIN,Asia Pacific,Singapore,227 ms,5284 kB/s
47.237.0.31,2087,True,SIN,Asia Pacific,Singapore,248 ms,5260 kB/s
8.222.193.65,443,True,SIN,Asia Pacific,Singapore,233 ms,5218 kB/s
47.237.10.1,8443,True,SIN,Asia Pacific,Singapore,221 ms,5190 kB/s
47.236.174.206,8443,True,SIN,Asia Pacific,Singapore,237 ms,5148 kB/s
47.76.159.146,8443,True,HKG,Asia Pacific,Hong Kong,60 ms,5125 kB/s
47.236.167.231,2083,True,SIN,Asia Pacific,Singapore,236 ms,5125 kB/s
8.222.193.65,2096,True,SIN,Asia Pacific,Singapore,229 ms,5058 kB/s
47.76.32.108,2096,True,HKG,Asia Pacific,Hong Kong,56 ms,5050 kB/s
47.236.180.24,2096,True,SIN,Asia Pacific,Singapore,234 ms,4986 kB/s
47.236.174.206,2083,True,SIN,Asia Pacific,Singapore,234 ms,4982 kB/s
47.76.146.1,2083,True,HKG,Asia Pacific,Hong Kong,56 ms,4975 kB/s
47.236.180.51,8443,True,SIN,Asia Pacific,Singapore,244 ms,4896 kB/s
47.237.83.20,2096,True,SIN,Asia Pacific,Singapore,222 ms,4850 kB/s
47.236.146.249,2053,True,SIN,Asia Pacific,Singapore,237 ms,4835 kB/s
47.236.146.249,443,True,SIN,Asia Pacific,Singapore,219 ms,4805 kB/s
47.243.67.28,2083,True,HKG,Asia Pacific,Hong Kong,64 ms,4796 kB/s
47.236.253.41,2083,True,SIN,Asia Pacific,Singapore,235 ms,4793 kB/s
47.237.8.82,2083,True,SIN,Asia Pacific,Singapore,239 ms,4789 kB/s
8.222.214.231,8443,True,SIN,Asia Pacific,Singapore,220 ms,4754 kB/s
47.237.8.82,2087,True,SIN,Asia Pacific,Singapore,233 ms,4742 kB/s
47.236.10.182,2096,True,SIN,Asia Pacific,Singapore,234 ms,4712 kB/s
47.242.36.78,2083,True,HKG,Asia Pacific,Hong Kong,57 ms,4712 kB/s
47.237.81.112,2096,True,SIN,Asia Pacific,Singapore,239 ms,4668 kB/s
47.236.237.90,2053,True,SIN,Asia Pacific,Singapore,232 ms,4665 kB/s
47.236.117.48,2053,True,SIN,Asia Pacific,Singapore,226 ms,4620 kB/s
47.236.17.193,8443,True,SIN,Asia Pacific,Singapore,223 ms,4591 kB/s
47.236.254.120,2087,True,SIN,Asia Pacific,Singapore,231 ms,4590 kB/s
47.236.10.100,8443,True,SIN,Asia Pacific,Singapore,244 ms,4488 kB/s
47.236.164.215,8443,True,SIN,Asia Pacific,Singapore,224 ms,4482 kB/s
47.243.139.85,2087,True,HKG,Asia Pacific,Hong Kong,61 ms,4423 kB/s
47.236.117.48,2083,True,SIN,Asia Pacific,Singapore,228 ms,4420 kB/s
47.237.100.206,2096,True,SIN,Asia Pacific,Singapore,240 ms,4395 kB/s
47.236.117.48,2096,True,SIN,Asia Pacific,Singapore,250 ms,4379 kB/s
47.245.86.230,2053,True,SIN,Asia Pacific,Singapore,235 ms,4355 kB/s
47.236.102.102,2087,True,SIN,Asia Pacific,Singapore,245 ms,4335 kB/s
47.236.158.158,2096,True,SIN,Asia Pacific,Singapore,218 ms,4328 kB/s
8.219.99.169,2083,True,SIN,Asia Pacific,Singapore,224 ms,4321 kB/s
47.242.171.94,2053,True,HKG,Asia Pacific,Hong Kong,60 ms,4299 kB/s
47.236.167.231,2053,True,SIN,Asia Pacific,Singapore,225 ms,4280 kB/s
8.222.214.231,2053,True,SIN,Asia Pacific,Singapore,222 ms,4280 kB/s
8.219.174.213,2053,True,SIN,Asia Pacific,Singapore,245 ms,4206 kB/s
47.236.10.182,8443,True,SIN,Asia Pacific,Singapore,241 ms,4201 kB/s
47.236.10.182,2083,True,SIN,Asia Pacific,Singapore,227 ms,4153 kB/s
47.238.164.202,443,True,HKG,Asia Pacific,Hong Kong,57 ms,4153 kB/s
47.236.237.90,2096,True,SIN,Asia Pacific,Singapore,222 ms,4077 kB/s
47.236.158.158,8443,True,SIN,Asia Pacific,Singapore,240 ms,4067 kB/s
47.236.118.216,2087,True,SIN,Asia Pacific,Singapore,247 ms,4028 kB/s
47.236.180.51,2083,True,SIN,Asia Pacific,Singapore,238 ms,4007 kB/s
8.217.159.210,2083,True,HKG,Asia Pacific,Hong Kong,62 ms,3990 kB/s
47.76.146.1,2053,True,HKG,Asia Pacific,Hong Kong,62 ms,3948 kB/s
47.236.102.102,2053,True,SIN,Asia Pacific,Singapore,233 ms,3891 kB/s
47.237.92.26,2053,True,SIN,Asia Pacific,Singapore,233 ms,3804 kB/s
47.242.171.94,2083,True,HKG,Asia Pacific,Hong Kong,66 ms,3801 kB/s
47.236.117.48,2087,True,SIN,Asia Pacific,Singapore,247 ms,3795 kB/s
47.237.84.173,2087,True,SIN,Asia Pacific,Singapore,218 ms,3775 kB/s
47.236.174.206,2096,True,SIN,Asia Pacific,Singapore,227 ms,3758 kB/s
8.219.174.213,2087,True,SIN,Asia Pacific,Singapore,228 ms,3720 kB/s
47.236.10.182,2087,True,SIN,Asia Pacific,Singapore,236 ms,3666 kB/s
8.222.193.65,2083,True,SIN,Asia Pacific,Singapore,242 ms,3659 kB/s
47.236.125.62,8443,True,NRT,Asia Pacific,Tokyo,335 ms,3651 kB/s
47.236.102.102,8443,True,SIN,Asia Pacific,Singapore,234 ms,3598 kB/s
47.236.125.62,2096,True,NRT,Asia Pacific,Tokyo,311 ms,3591 kB/s
47.236.125.62,2087,True,NRT,Asia Pacific,Tokyo,307 ms,3535 kB/s
8.219.174.213,8443,True,SIN,Asia Pacific,Singapore,246 ms,3508 kB/s
47.242.36.78,8443,True,HKG,Asia Pacific,Hong Kong,61 ms,3493 kB/s
47.236.125.62,2053,True,NRT,Asia Pacific,Tokyo,309 ms,3488 kB/s
47.243.234.9,2096,True,HKG,Asia Pacific,Hong Kong,60 ms,3483 kB/s
47.236.254.120,2083,True,SIN,Asia Pacific,Singapore,237 ms,3474 kB/s
47.237.8.82,8443,True,SIN,Asia Pacific,Singapore,227 ms,3467 kB/s
47.236.93.176,2083,True,SIN,Asia Pacific,Singapore,227 ms,3441 kB/s
47.236.85.11,8443,True,SIN,Asia Pacific,Singapore,220 ms,3435 kB/s
47.236.180.51,2053,True,SIN,Asia Pacific,Singapore,232 ms,3418 kB/s
47.236.17.193,2087,True,SIN,Asia Pacific,Singapore,234 ms,3397 kB/s
47.236.253.41,2096,True,SIN,Asia Pacific,Singapore,222 ms,3364 kB/s
47.236.167.231,8443,True,SIN,Asia Pacific,Singapore,223 ms,3331 kB/s
47.238.235.163,443,True,HKG,Asia Pacific,Hong Kong,63 ms,3295 kB/s
47.236.125.62,2083,True,NRT,Asia Pacific,Tokyo,302 ms,3284 kB/s
47.76.32.108,2053,True,HKG,Asia Pacific,Hong Kong,65 ms,3208 kB/s
47.236.117.48,443,True,SIN,Asia Pacific,Singapore,230 ms,3150 kB/s
47.236.118.216,8443,True,SIN,Asia Pacific,Singapore,231 ms,3149 kB/s
47.237.92.26,8443,True,SIN,Asia Pacific,Singapore,228 ms,3134 kB/s
47.236.180.51,2096,True,SIN,Asia Pacific,Singapore,244 ms,3132 kB/s
47.242.36.78,2096,True,HKG,Asia Pacific,Hong Kong,60 ms,3119 kB/s
8.217.232.246,2083,True,HKG,Asia Pacific,Hong Kong,64 ms,3071 kB/s
47.236.93.176,2053,True,SIN,Asia Pacific,Singapore,222 ms,2652 kB/s
47.236.237.90,2087,True,SIN,Asia Pacific,Singapore,229 ms,2584 kB/s
47.236.93.176,8443,True,SIN,Asia Pacific,Singapore,226 ms,2404 kB/s
47.236.180.51,2087,True,SIN,Asia Pacific,Singapore,230 ms,2380 kB/s
47.236.170.225,8443,True,SIN,Asia Pacific,Singapore,220 ms,2367 kB/s
8.217.232.246,2087,True,HKG,Asia Pacific,Hong Kong,62 ms,2284 kB/s
47.236.158.158,2083,True,SIN,Asia Pacific,Singapore,229 ms,2230 kB/s
47.243.139.85,2096,True,HKG,Asia Pacific,Hong Kong,56 ms,2226 kB/s
8.219.174.213,2083,True,SIN,Asia Pacific,Singapore,245 ms,2130 kB/s
47.236.93.176,2096,True,SIN,Asia Pacific,Singapore,217 ms,2062 kB/s
47.242.171.94,8443,True,HKG,Asia Pacific,Hong Kong,65 ms,1915 kB/s
47.236.170.225,2096,True,SIN,Asia Pacific,Singapore,242 ms,1792 kB/s
47.236.158.158,2053,True,SIN,Asia Pacific,Singapore,244 ms,1632 kB/s
47.242.171.94,2087,True,HKG,Asia Pacific,Hong Kong,69 ms,1257 kB/s
47.76.77.103,2083,True,HKG,Asia Pacific,Hong Kong,72 ms,1103 kB/s
47.90.141.204,443,True,LAX,North America,Los Angeles,242 ms,902 kB/s
47.243.139.85,8443,True,HKG,Asia Pacific,Hong Kong,57 ms,885 kB/s
47.76.32.108,2087,True,HKG,Asia Pacific,Hong Kong,57 ms,815 kB/s
8.218.63.172,443,True,HKG,Asia Pacific,Hong Kong,55 ms,732 kB/s
47.237.83.20,8443,True,SIN,Asia Pacific,Singapore,243 ms,662 kB/s
47.76.32.108,8443,True,HKG,Asia Pacific,Hong Kong,63 ms,643 kB/s
8.222.225.193,443,True,SIN,Asia Pacific,Singapore,220 ms,627 kB/s
47.76.77.103,2087,True,HKG,Asia Pacific,Hong Kong,63 ms,608 kB/s
47.89.191.155,443,True,IAD,North America,Ashburn,257 ms,518 kB/s
47.236.174.206,2087,True,SIN,Asia Pacific,Singapore,238 ms,492 kB/s
47.76.94.15,8443,True,HKG,Asia Pacific,Hong Kong,70 ms,406 kB/s
149.129.8.215,443,True,SJC,North America,San Jose,100 ms,374 kB/s
47.76.94.15,2083,True,HKG,Asia Pacific,Hong Kong,63 ms,211 kB/s
47.243.234.9,8443,True,HKG,Asia Pacific,Hong Kong,58 ms,182 kB/s
47.76.77.103,8443,True,HKG,Asia Pacific,Hong Kong,66 ms,157 kB/s
47.242.202.230,2083,True,HKG,Asia Pacific,Hong Kong,56 ms,153 kB/s
47.242.202.230,2087,True,HKG,Asia Pacific,Hong Kong,60 ms,150 kB/s
47.242.202.230,2053,True,HKG,Asia Pacific,Hong Kong,59 ms,108 kB/s
47.237.94.140,2083,True,SIN,Asia Pacific,Singapore,219 ms,86 kB/s
47.57.245.232,443,True,SJC,North America,San Jose,65 ms,51 kB/s
8.210.92.27,443,True,HKG,Asia Pacific,Hong Kong,53 ms,8 kB/s
47.76.178.146,2096,True,HKG,Asia Pacific,Hong Kong,66 ms,0 kB/s
47.236.80.110,2087,True,SIN,Asia Pacific,Singapore,235 ms,0 kB/s
47.236.83.239,2083,True,SIN,Asia Pacific,Singapore,226 ms,0 kB/s
47.76.146.1,2096,True,HKG,Asia Pacific,Hong Kong,63 ms,0 kB/s
47.237.81.112,2083,True,SIN,Asia Pacific,Singapore,229 ms,0 kB/s
47.237.81.112,2053,True,SIN,Asia Pacific,Singapore,231 ms,0 kB/s
47.236.5.223,2087,True,SIN,Asia Pacific,Singapore,243 ms,0 kB/s
47.76.178.146,2083,True,HKG,Asia Pacific,Hong Kong,62 ms,0 kB/s
47.243.234.9,2087,True,HKG,Asia Pacific,Hong Kong,56 ms,0 kB/s
47.236.253.41,2053,True,SIN,Asia Pacific,Singapore,254 ms,0 kB/s
47.237.14.220,2087,True,SIN,Asia Pacific,Singapore,224 ms,0 kB/s
8.222.214.231,2087,True,SIN,Asia Pacific,Singapore,234 ms,0 kB/s
8.217.90.154,443,True,HKG,Asia Pacific,Hong Kong,58 ms,0 kB/s
47.236.169.15,2087,True,SIN,Asia Pacific,Singapore,226 ms,0 kB/s
47.236.167.231,2087,True,SIN,Asia Pacific,Singapore,239 ms,0 kB/s
8.210.203.7,8443,True,HKG,Asia Pacific,Hong Kong,63 ms,0 kB/s
47.242.202.230,2096,True,HKG,Asia Pacific,Hong Kong,60 ms,0 kB/s
47.237.95.140,2087,True,SIN,Asia Pacific,Singapore,229 ms,0 kB/s
47.236.254.120,2053,True,SIN,Asia Pacific,Singapore,235 ms,0 kB/s
8.217.132.184,443,True,HKG,Asia Pacific,Hong Kong,55 ms,0 kB/s
47.237.95.140,8443,True,SIN,Asia Pacific,Singapore,234 ms,0 kB/s
146.56.44.88,443,True,ICN,Asia Pacific,Seoul,80 ms,16783 kB/s
64.110.88.46,443,True,ICN,Asia Pacific,Seoul,75 ms,11989 kB/s
150.230.47.17,443,True,SJC,North America,San Jose,202 ms,10239 kB/s
192.9.246.112,8443,True,SJC,North America,San Jose,192 ms,9881 kB/s
152.70.117.136,443,True,SJC,North America,San Jose,178 ms,9536 kB/s
155.248.196.218,443,True,SJC,North America,San Jose,201 ms,9533 kB/s
192.18.140.32,443,True,SJC,North America,San Jose,185 ms,8970 kB/s
34.83.75.32,443,True,SEA,North America,Seattle,203 ms,8331 kB/s
192.18.134.22,443,True,SJC,North America,San Jose,195 ms,7706 kB/s
34.154.28.158,443,True,FRA,Europe,Frankfurt,253 ms,6453 kB/s
132.145.54.84,2053,True,LHR,Europe,London,253 ms,6245 kB/s
141.147.61.201,443,True,FRA,Europe,Frankfurt,264 ms,5973 kB/s
141.147.77.33,443,True,FRA,Europe,Frankfurt,264 ms,5935 kB/s
129.146.83.33,8443,True,LAX,North America,Los Angeles,265 ms,5906 kB/s
143.47.253.10,443,True,FRA,Europe,Frankfurt,263 ms,5905 kB/s
158.101.205.150,443,True,FRA,Europe,Frankfurt,270 ms,5796 kB/s
141.148.226.224,443,True,FRA,Europe,Frankfurt,274 ms,5732 kB/s
141.147.108.199,443,True,FRA,Europe,Frankfurt,279 ms,5689 kB/s
34.154.64.223,443,True,FRA,Europe,Frankfurt,251 ms,5587 kB/s
146.56.46.84,443,True,NRT,Asia Pacific,Tokyo,72 ms,5514 kB/s
34.123.83.237,443,True,ORD,North America,Chicago,259 ms,5417 kB/s
140.238.121.101,443,True,FRA,Europe,Frankfurt,265 ms,5389 kB/s
150.230.116.34,443,True,FRA,Europe,Frankfurt,279 ms,5324 kB/s
192.18.150.121,443,True,YYZ,North America,Toronto,237 ms,5323 kB/s
130.61.199.237,443,True,FRA,Europe,Frankfurt,254 ms,5323 kB/s
34.154.154.180,443,True,FRA,Europe,Frankfurt,241 ms,5315 kB/s
158.101.220.115,443,True,FRA,Europe,Frankfurt,265 ms,5272 kB/s
35.246.217.201,443,True,FRA,Europe,Frankfurt,238 ms,5249 kB/s
138.2.168.53,443,True,FRA,Europe,Frankfurt,254 ms,5119 kB/s
34.118.109.211,443,True,AMS,Europe,Amsterdam,266 ms,5115 kB/s
34.118.46.204,443,True,FRA,Europe,Frankfurt,244 ms,5084 kB/s
129.159.199.64,443,True,FRA,Europe,Frankfurt,289 ms,5038 kB/s
140.238.94.163,443,True,FRA,Europe,Frankfurt,259 ms,4997 kB/s
129.153.165.237,443,True,IAD,North America,Ashburn,240 ms,4993 kB/s
35.204.240.103,443,True,FRA,Europe,Frankfurt,246 ms,4952 kB/s
132.145.54.84,8443,True,LHR,Europe,London,254 ms,4945 kB/s
132.145.14.205,443,True,FRA,Europe,Frankfurt,269 ms,4936 kB/s
141.147.100.235,443,True,FRA,Europe,Frankfurt,267 ms,4885 kB/s
150.230.113.167,443,True,FRA,Europe,Frankfurt,267 ms,4884 kB/s
158.101.217.58,443,True,FRA,Europe,Frankfurt,269 ms,4863 kB/s
129.146.111.62,443,True,LAX,North America,Los Angeles,279 ms,4862 kB/s
150.230.118.19,443,True,FRA,Europe,Frankfurt,256 ms,4825 kB/s
141.147.76.49,443,True,FRA,Europe,Frankfurt,273 ms,4818 kB/s
141.147.99.98,443,True,FRA,Europe,Frankfurt,262 ms,4757 kB/s
141.147.66.189,443,True,FRA,Europe,Frankfurt,262 ms,4751 kB/s
34.107.31.245,443,True,FRA,Europe,Frankfurt,258 ms,4678 kB/s
130.162.228.115,443,True,FRA,Europe,Frankfurt,272 ms,4655 kB/s
158.180.59.54,443,True,FRA,Europe,Frankfurt,275 ms,4636 kB/s
84.8.145.62,443,True,FRA,Europe,Frankfurt,264 ms,4606 kB/s
130.162.219.193,443,True,FRA,Europe,Frankfurt,273 ms,4604 kB/s
141.147.92.232,443,True,FRA,Europe,Frankfurt,253 ms,4538 kB/s
84.8.148.235,8443,True,LHR,Europe,London,254 ms,4499 kB/s
143.47.232.231,443,True,FRA,Europe,Frankfurt,257 ms,4498 kB/s
140.238.81.102,443,True,FRA,Europe,Frankfurt,271 ms,4383 kB/s
130.162.228.70,443,True,FRA,Europe,Frankfurt,263 ms,4379 kB/s
150.230.114.147,443,True,FRA,Europe,Frankfurt,267 ms,4373 kB/s
152.67.149.229,443,True,FRA,Europe,Frankfurt,267 ms,4373 kB/s
155.248.202.141,443,True,SJC,North America,San Jose,177 ms,4277 kB/s
34.116.189.98,443,True,FRA,Europe,Frankfurt,275 ms,4266 kB/s
150.230.115.64,443,True,FRA,Europe,Frankfurt,259 ms,4186 kB/s
164.152.26.70,2086,True,ORD,North America,Chicago,254 ms,4143 kB/s
158.178.150.46,443,True,FRA,Europe,Frankfurt,265 ms,4073 kB/s
144.21.51.110,443,True,LHR,Europe,London,252 ms,4050 kB/s
138.2.18.184,443,True,NRT,Asia Pacific,Tokyo,150 ms,4012 kB/s
152.67.231.219,443,True,SJC,North America,San Jose,182 ms,4001 kB/s
34.116.148.216,443,True,FRA,Europe,Frankfurt,256 ms,3977 kB/s
143.47.243.144,8443,True,LHR,Europe,London,258 ms,3946 kB/s
141.147.98.152,443,True,FRA,Europe,Frankfurt,267 ms,3908 kB/s
158.101.11.22,8443,True,LAX,North America,Los Angeles,249 ms,3841 kB/s
141.148.245.92,443,True,FRA,Europe,Frankfurt,275 ms,3833 kB/s
193.123.56.90,443,True,FRA,Europe,Frankfurt,273 ms,3795 kB/s
129.151.205.193,443,True,ARN,Europe,Stockholm,292 ms,3724 kB/s
129.146.254.39,443,True,LAX,North America,Los Angeles,278 ms,3638 kB/s
144.21.53.129,443,True,FRA,Europe,Frankfurt,263 ms,3631 kB/s
158.178.146.177,443,True,FRA,Europe,Frankfurt,271 ms,3612 kB/s
143.47.179.251,443,True,FRA,Europe,Frankfurt,280 ms,3608 kB/s
152.70.148.46,2053,True,LAX,North America,Los Angeles,254 ms,3594 kB/s
129.146.46.164,443,True,LAX,North America,Los Angeles,280 ms,3574 kB/s
152.69.192.182,443,True,NRT,Asia Pacific,Tokyo,212 ms,3503 kB/s
155.248.196.123,443,True,YVR,North America,Vancouver,177 ms,3433 kB/s
129.153.119.97,443,True,LAX,North America,Los Angeles,271 ms,3347 kB/s
129.146.213.36,80,True,LAX,North America,Los Angeles,250 ms,3332 kB/s
129.146.240.62,443,True,LAX,North America,Los Angeles,255 ms,3313 kB/s
141.145.205.115,8443,True,CDG,Europe,Paris,247 ms,2946 kB/s
151.145.36.72,443,True,YYZ,North America,Toronto,265 ms,2940 kB/s
143.47.243.144,2053,True,LHR,Europe,London,249 ms,2927 kB/s
192.18.139.229,8443,True,SJC,North America,San Jose,200 ms,2873 kB/s
140.238.195.98,443,True,SYD,Oceania,Sydney,333 ms,2729 kB/s
140.238.158.238,8080,True,YYZ,North America,Toronto,243 ms,2719 kB/s
193.122.197.111,443,True,IAD,North America,Ashburn,245 ms,2537 kB/s
158.101.98.60,2095,True,IAD,North America,Ashburn,251 ms,2527 kB/s
204.216.105.106,8443,True,YUL,North America,Montréal,250 ms,2463 kB/s
35.198.132.113,443,True,FRA,Europe,Frankfurt,244 ms,2450 kB/s
192.9.180.162,443,True,SYD,Oceania,Sydney,328 ms,2363 kB/s
129.146.248.140,443,True,LAX,North America,Los Angeles,268 ms,2353 kB/s
193.123.38.152,443,True,FRA,Europe,Frankfurt,275 ms,2194 kB/s
158.180.25.74,443,True,FRA,Europe,Frankfurt,267 ms,2149 kB/s
138.2.137.38,443,True,FRA,Europe,Frankfurt,271 ms,2129 kB/s
130.61.67.37,443,True,FRA,Europe,Frankfurt,264 ms,2114 kB/s
143.47.190.229,443,True,FRA,Europe,Frankfurt,252 ms,2105 kB/s
193.122.61.2,443,True,FRA,Europe,Frankfurt,264 ms,2067 kB/s
34.116.170.77,443,True,FRA,Europe,Frankfurt,254 ms,1980 kB/s
141.147.17.173,443,True,FRA,Europe,Frankfurt,261 ms,1967 kB/s
129.159.194.84,443,True,FRA,Europe,Frankfurt,269 ms,1961 kB/s
143.47.243.148,443,True,FRA,Europe,Frankfurt,267 ms,1940 kB/s
158.101.208.119,443,True,FRA,Europe,Frankfurt,265 ms,1939 kB/s
34.118.108.19,443,True,FRA,Europe,Frankfurt,249 ms,1934 kB/s
144.21.33.69,443,True,FRA,Europe,Frankfurt,263 ms,1907 kB/s
34.118.23.155,443,True,FRA,Europe,Frankfurt,262 ms,1894 kB/s
141.147.112.248,443,True,FRA,Europe,Frankfurt,309 ms,1888 kB/s
152.70.53.113,443,True,FRA,Europe,Frankfurt,264 ms,1888 kB/s
141.144.245.73,443,True,FRA,Europe,Frankfurt,269 ms,1884 kB/s
144.21.61.198,443,True,FRA,Europe,Frankfurt,271 ms,1884 kB/s
34.154.41.67,443,True,FRA,Europe,Frankfurt,235 ms,1870 kB/s
141.147.67.22,443,True,FRA,Europe,Frankfurt,267 ms,1839 kB/s
34.116.167.166,443,True,FRA,Europe,Frankfurt,247 ms,1836 kB/s
152.70.191.139,443,True,FRA,Europe,Frankfurt,273 ms,1809 kB/s
150.230.22.59,443,True,FRA,Europe,Frankfurt,263 ms,1791 kB/s
152.67.132.143,443,True,FRA,Europe,Frankfurt,278 ms,1772 kB/s
34.118.45.21,443,True,FRA,Europe,Frankfurt,250 ms,1769 kB/s
141.147.101.165,443,True,FRA,Europe,Frankfurt,273 ms,1763 kB/s
34.118.12.209,443,True,FRA,Europe,Frankfurt,256 ms,1759 kB/s
130.162.226.2,443,True,FRA,Europe,Frankfurt,262 ms,1753 kB/s
141.147.69.187,443,True,FRA,Europe,Frankfurt,272 ms,1737 kB/s
140.238.158.238,443,True,YYZ,North America,Toronto,233 ms,1731 kB/s
141.147.83.84,443,True,FRA,Europe,Frankfurt,266 ms,1695 kB/s
34.118.64.206,443,True,FRA,Europe,Frankfurt,246 ms,1683 kB/s
150.230.127.232,443,True,FRA,Europe,Frankfurt,274 ms,1679 kB/s
143.47.234.201,443,True,FRA,Europe,Frankfurt,265 ms,1670 kB/s
143.47.246.190,443,True,FRA,Europe,Frankfurt,283 ms,1647 kB/s
141.147.85.235,443,True,FRA,Europe,Frankfurt,266 ms,1644 kB/s
141.147.69.204,443,True,FRA,Europe,Frankfurt,312 ms,1625 kB/s
138.2.154.204,443,True,FRA,Europe,Frankfurt,255 ms,1601 kB/s
143.47.235.158,443,True,FRA,Europe,Frankfurt,265 ms,1593 kB/s
141.147.72.243,443,True,FRA,Europe,Frankfurt,283 ms,1589 kB/s
193.123.81.105,443,True,CDG,Europe,Paris,206 ms,1567 kB/s
141.144.195.193,443,True,FRA,Europe,Frankfurt,272 ms,1542 kB/s
141.144.196.118,443,True,FRA,Europe,Frankfurt,276 ms,1523 kB/s
143.47.228.46,443,True,FRA,Europe,Frankfurt,256 ms,1503 kB/s
141.147.108.46,443,True,FRA,Europe,Frankfurt,257 ms,1487 kB/s
34.154.113.6,443,True,FRA,Europe,Frankfurt,232 ms,1481 kB/s
141.147.118.100,443,True,FRA,Europe,Frankfurt,256 ms,1465 kB/s
132.226.130.106,443,True,FRA,Europe,Frankfurt,271 ms,1462 kB/s
141.147.87.123,443,True,FRA,Europe,Frankfurt,273 ms,1460 kB/s
141.147.118.49,443,True,FRA,Europe,Frankfurt,268 ms,1460 kB/s
138.3.254.39,443,True,FRA,Europe,Frankfurt,272 ms,1440 kB/s
144.21.32.245,443,True,FRA,Europe,Frankfurt,264 ms,1433 kB/s
84.235.173.87,443,True,FRA,Europe,Frankfurt,265 ms,1430 kB/s
143.47.227.61,443,True,FRA,Europe,Frankfurt,263 ms,1416 kB/s
144.21.42.203,443,True,FRA,Europe,Frankfurt,276 ms,1401 kB/s
152.70.52.28,443,True,FRA,Europe,Frankfurt,265 ms,1388 kB/s
141.147.77.198,443,True,FRA,Europe,Frankfurt,274 ms,1363 kB/s
84.235.163.180,443,True,FRA,Europe,Frankfurt,262 ms,1356 kB/s
144.21.42.137,443,True,FRA,Europe,Frankfurt,267 ms,1335 kB/s
34.159.84.211,443,True,FRA,Europe,Frankfurt,240 ms,1331 kB/s
141.147.119.191,443,True,FRA,Europe,Frankfurt,252 ms,1299 kB/s
143.47.181.151,443,True,FRA,Europe,Frankfurt,280 ms,1280 kB/s
143.47.228.122,443,True,FRA,Europe,Frankfurt,264 ms,1279 kB/s
144.22.252.124,443,True,GRU,South America,São Paulo,346 ms,1196 kB/s
141.147.67.36,443,True,FRA,Europe,Frankfurt,268 ms,1196 kB/s
84.8.149.242,443,True,FRA,Europe,Frankfurt,268 ms,1187 kB/s
143.47.184.95,443,True,FRA,Europe,Frankfurt,272 ms,1171 kB/s
152.70.49.218,443,True,FRA,Europe,Frankfurt,280 ms,1171 kB/s
34.116.221.87,443,True,FRA,Europe,Frankfurt,271 ms,1136 kB/s
141.148.233.18,443,True,FRA,Europe,Frankfurt,268 ms,1119 kB/s
140.238.82.242,443,True,FRA,Europe,Frankfurt,259 ms,1107 kB/s
158.180.239.249,2095,True,CDG,Europe,Paris,257 ms,1107 kB/s
141.148.229.106,443,True,AMS,Europe,Amsterdam,271 ms,1084 kB/s
89.168.118.76,443,True,FRA,Europe,Frankfurt,258 ms,1062 kB/s
158.180.21.35,443,True,FRA,Europe,Frankfurt,268 ms,1044 kB/s
168.138.88.116,8443,True,YYZ,North America,Toronto,275 ms,1020 kB/s
152.67.78.164,8443,True,MXP,Europe,Milan,261 ms,972 kB/s
158.180.63.204,443,True,FRA,Europe,Frankfurt,271 ms,912 kB/s
144.21.55.93,443,True,FRA,Europe,Frankfurt,275 ms,889 kB/s
35.229.161.32,443,True,TPE,Asia Pacific,Taipei,76 ms,876 kB/s
129.159.84.71,443,True,IAD,North America,Ashburn,237 ms,720 kB/s
141.147.80.39,443,True,FRA,Europe,Frankfurt,263 ms,710 kB/s
144.21.53.166,443,True,FRA,Europe,Frankfurt,273 ms,617 kB/s
141.147.12.119,443,True,FRA,Europe,Frankfurt,265 ms,595 kB/s
84.235.169.62,443,True,FRA,Europe,Frankfurt,275 ms,591 kB/s
152.70.234.188,443,True,NRT,Asia Pacific,Tokyo,82 ms,540 kB/s
158.101.175.51,8443,True,FRA,Europe,Frankfurt,266 ms,521 kB/s
144.21.63.117,443,True,FRA,Europe,Frankfurt,255 ms,486 kB/s
129.159.83.88,8443,True,IAD,North America,Ashburn,267 ms,409 kB/s
158.101.175.51,2053,True,FRA,Europe,Frankfurt,268 ms,342 kB/s
150.230.20.156,8443,True,AMS,Europe,Amsterdam,271 ms,326 kB/s
144.21.43.120,443,True,FRA,Europe,Frankfurt,280 ms,237 kB/s
141.147.47.32,8443,True,FRA,Europe,Frankfurt,267 ms,227 kB/s
141.144.195.208,443,True,FRA,Europe,Frankfurt,270 ms,160 kB/s
158.101.215.45,8443,True,AMS,Europe,Amsterdam,260 ms,153 kB/s
143.47.182.56,8443,True,AMS,Europe,Amsterdam,274 ms,147 kB/s
158.180.48.110,443,True,FRA,Europe,Frankfurt,264 ms,144 kB/s
141.144.232.159,443,True,FRA,Europe,Frankfurt,254 ms,144 kB/s
144.24.161.142,8443,True,FRA,Europe,Frankfurt,257 ms,134 kB/s
130.61.109.6,2096,True,FRA,Europe,Frankfurt,250 ms,125 kB/s
144.24.173.250,8443,True,FRA,Europe,Frankfurt,260 ms,115 kB/s
158.178.206.197,8443,True,CDG,Europe,Paris,252 ms,115 kB/s
130.61.239.203,443,True,FRA,Europe,Frankfurt,258 ms,96 kB/s
158.178.129.114,8443,True,TLV,Middle East,Tel Aviv,264 ms,89 kB/s
158.101.169.13,2053,True,FRA,Europe,Frankfurt,268 ms,86 kB/s
130.61.239.203,2053,True,FRA,Europe,Frankfurt,264 ms,83 kB/s
130.61.109.6,8443,True,FRA,Europe,Frankfurt,254 ms,80 kB/s
130.61.109.6,2053,True,FRA,Europe,Frankfurt,258 ms,80 kB/s
130.61.23.77,443,True,FRA,Europe,Frankfurt,251 ms,77 kB/s
158.178.129.114,2053,True,TLV,Middle East,Tel Aviv,277 ms,73 kB/s
150.230.20.156,2053,True,AMS,Europe,Amsterdam,273 ms,64 kB/s
144.24.173.250,2096,True,FRA,Europe,Frankfurt,252 ms,64 kB/s
34.163.89.60,2053,True,CDG,Europe,Paris,322 ms,57 kB/s
129.159.197.137,8443,True,FRA,Europe,Frankfurt,273 ms,54 kB/s
158.101.169.13,8443,True,FRA,Europe,Frankfurt,270 ms,48 kB/s
158.178.206.197,2053,True,CDG,Europe,Paris,259 ms,48 kB/s
84.235.169.234,443,True,AMS,Europe,Amsterdam,272 ms,45 kB/s
141.148.225.142,443,True,AMS,Europe,Amsterdam,269 ms,42 kB/s
143.47.182.56,2053,True,AMS,Europe,Amsterdam,276 ms,41 kB/s
150.230.249.48,443,True,ICN,Asia Pacific,Seoul,154 ms,30 kB/s
130.162.140.215,443,True,NRT,Asia Pacific,Tokyo,85 ms,0 kB/s
150.136.241.40,8443,True,IAD,North America,Ashburn,245 ms,0 kB/s
130.61.203.115,8443,True,FRA,Europe,Frankfurt,275 ms,0 kB/s
132.226.7.217,443,True,NRT,Asia Pacific,Tokyo,148 ms,0 kB/s
141.147.100.100,443,True,FRA,Europe,Frankfurt,269 ms,0 kB/s
193.123.235.59,443,True,NRT,Asia Pacific,Tokyo,67 ms,0 kB/s
34.82.188.91,443,True,SEA,North America,Seattle,212 ms,0 kB/s
192.9.158.62,443,True,SJC,North America,San Jose,192 ms,0 kB/s
168.138.212.87,443,True,NRT,Asia Pacific,Tokyo,148 ms,0 kB/s
150.136.87.192,443,True,IAD,North America,Ashburn,246 ms,0 kB/s
143.47.231.80,443,True,FRA,Europe,Frankfurt,263 ms,0 kB/s
141.147.102.49,443,True,FRA,Europe,Frankfurt,270 ms,0 kB/s
144.24.169.81,2053,True,FRA,Europe,Frankfurt,263 ms,0 kB/s
192.18.134.231,443,True,SJC,North America,San Jose,182 ms,0 kB/s
192.18.159.129,443,True,YYZ,North America,Toronto,233 ms,0 kB/s
193.122.101.195,443,True,NRT,Asia Pacific,Tokyo,69 ms,0 kB/s
140.238.83.97,443,True,FRA,Europe,Frankfurt,298 ms,0 kB/s
131.186.28.236,443,True,NRT,Asia Pacific,Tokyo,82 ms,0 kB/s
132.226.210.59,443,True,LHR,Europe,London,254 ms,0 kB/s
141.147.119.80,443,True,FRA,Europe,Frankfurt,260 ms,0 kB/s
129.146.7.98,443,True,LAX,North America,Los Angeles,250 ms,0 kB/s
129.154.60.48,443,True,ICN,Asia Pacific,Seoul,137 ms,0 kB/s
138.2.150.103,443,True,FRA,Europe,Frankfurt,262 ms,0 kB/s
138.3.222.135,443,True,NRT,Asia Pacific,Tokyo,178 ms,0 kB/s
65.75.193.21,37813,True,SJC,North America,San Jose,170 ms,11850 kB/s
65.75.195.188,50795,True,SJC,North America,San Jose,170 ms,11009 kB/s
136.175.176.49,20443,True,SJC,North America,San Jose,170 ms,6326 kB/s
65.75.194.109,20443,True,SJC,North America,San Jose,170 ms,153 kB/s
65.75.193.187,34237,True,SJC,North America,San Jose,173 ms,0 kB/s
